{"train_loss": 0.6083285976678897, "val_loss": 0.6168911457061768, "_timestamp": 1666783707.977525, "_runtime": 308.67407298088074, "_step": 22, "_wandb": {"runtime": 312}}