{"train_loss": 0.09038223028049729, "val_loss": 0.11956175733881304, "_timestamp": 1666850359.211301, "_runtime": 66347.35687303543, "_step": 44, "_wandb": {"runtime": 67853}}