{"train_loss": 1.5592278464493583, "val_loss": 1.3758900205507356, "_timestamp": 1666856267.5598414, "_runtime": 3945.9524552822113, "_step": 2}